epoch,train_loss,test_acc@1,test_acc@5
1,4.805173252790402,41.730000000000004,90.53
2,4.536563206941653,45.04,91.81
3,4.423960437530126,48.84,92.93
4,4.365378641470885,51.65,94.31
5,4.312522154587966,55.55,95.38
